Bin Id,Site,Marker lineage,# genomes,# markers,# marker sets,Completeness,Redundancy,Strain heterogeneity,Genome size (bp),# ambiguous bases,# scaffolds,# contigs,N50 (scaffolds),N50 (contigs),Mean scaffold length (bp),Mean contig length (bp),Longest scaffold (bp),Longest contig (bp),GC,GC std (scaffolds > 1kbp),Coding density,Translation table,# predicted genes,0,1,2,3,4,5+,classification,fastani_reference,fastani_reference_radius,fastani_taxonomy,fastani_ani,fastani_af,closest_placement_reference,closest_placement_taxonomy,closest_placement_ani,closest_placement_af,Domain,Phylum_True,Class_True,Order,Family,Genus,Class,Abundance
bin.048,MAQ,,,,,90.64,1.99,,,,,,,,,,,,,,,,,,,,,,,d__Bacteria,p__Acidobacteriota,c__Acidobacteriae,o__UBA7541,f__,g__,s__,MAQ_0,MAQ_0_bin.034_Acidobacteriota,x,,,,,,,Acidobacteriae,
bin.034,MAQ,,,,,87.42,3.51,,,,,,,,,,,,,,,,,,,,,,,d__Bacteria,p__Acidobacteriota,c__Acidobacteriae,o__Acidobacteriales,f__Koribacteraceae,g__,s__,MAQ_100,MAQ_100_bin.008_Acidobacteriota,x,,,,,,,Acidobacteriae,
bin.047,MAQ,,,,,93.49,1.71,,,,,,,,,,,,,,,,,,,,,,,d__Bacteria,p__Acidobacteriota,c__Acidobacteriae,o__UBA7541,f__,g__,s__,MAQ_50,MAQ_50_bin.048_Acidobacteriota,x,,,,,,,Acidobacteriae,
QUI85_30-contigs,QUI85,k__Bacteria (UID3187),2258,188,117,81.62,3.85,40,3875737,0,335,335,21296,21296,11569,11569,88736,88736,58.9,0.92,85.99,11,3716,43,140,5,0,0,0,d__Bacteria;p__Acidobacteriota;c__Acidobacteriae;o__Acidobacteriales;f__Koribacteraceae;g__;s__,N/A,N/A,N/A,N/A,N/A,N/A,N/A,N/A,N/A,d__Bacteria,p__Acidobacteriota,c__Acidobacteriae,o__Acidobacteriales,f__Koribacteraceae,g__,Acidobacteriae,11.2168204
QUI85_62-contigs,QUI85,k__Bacteria (UID3187),2258,188,117,97.17,8.33,17.65,6861916,0,445,445,37526,37526,15420,15420,227816,227816,58.8,2.03,85.75,11,6513,14,164,8,1,1,0,d__Bacteria;p__Acidobacteriota;c__Acidobacteriae;o__Acidobacteriales;f__Koribacteraceae;g__Sulfotelmatobacter;s__,N/A,N/A,N/A,N/A,N/A,GCF_900290255.1,d__Bacteria;p__Acidobacteriota;c__Acidobacteriae;o__Acidobacteriales;f__Koribacteraceae;g__Sulfotelmatobacter;s__Sulfotelmatobacter kueseliae,80.51,0.49,d__Bacteria,p__Acidobacteriota,c__Acidobacteriae,o__Acidobacteriales,f__Koribacteraceae,g__Sulfotelmatobacter,Acidobacteriae,52.52406555
QUI85_66-contigs,QUI85,k__Bacteria (UID3187),2258,184,114,79.14,2.86,41.67,4671810,0,915,915,5756,5756,5105,5105,28097,28097,64,1.59,89.83,11,4626,42,134,6,2,0,0,d__Bacteria;p__Acidobacteriota;c__Acidobacteriae;o__Bryobacterales;f__Bryobacteraceae;g__Bog-375;s__,N/A,N/A,N/A,N/A,N/A,N/A,N/A,N/A,N/A,d__Bacteria,p__Acidobacteriota,c__Acidobacteriae,o__Bryobacterales,f__Bryobacteraceae,g__Bog-375,Acidobacteriae,17.14276659
QUI85_76-contigs,QUI85,k__Bacteria (UID3187),2258,188,117,90.6,7.34,0,4010497,0,406,406,31680,31680,9878,9878,218205,218205,61,1.42,87.33,11,3741,29,148,11,0,0,0,d__Bacteria;p__Acidobacteriota;c__Acidobacteriae;o__UBA7541;f__UBA7541;g__;s__,N/A,N/A,N/A,N/A,N/A,N/A,N/A,N/A,N/A,d__Bacteria,p__Acidobacteriota,c__Acidobacteriae,o__UBA7541,f__UBA7541,g__,Acidobacteriae,55.6924078
QUI85_90-contigs,QUI85,k__Bacteria (UID3187),2258,188,117,98.33,0.85,0,4745558,0,108,108,99252,99252,43940,43940,252934,252934,58.8,1.26,87.06,11,4351,18,169,1,0,0,0,d__Bacteria;p__Acidobacteriota;c__Acidobacteriae;o__Acidobacteriales;f__Koribacteraceae;g__Sulfotelmatobacter;s__,N/A,N/A,N/A,N/A,N/A,GCF_900290255.1,d__Bacteria;p__Acidobacteriota;c__Acidobacteriae;o__Acidobacteriales;f__Koribacteraceae;g__Sulfotelmatobacter;s__Sulfotelmatobacter kueseliae,81.25,0.56,d__Bacteria,p__Acidobacteriota,c__Acidobacteriae,o__Acidobacteriales,f__Koribacteraceae,g__Sulfotelmatobacter,Acidobacteriae,35.68789651
QUI85_93-contigs,QUI85,k__Bacteria (UID3187),2258,188,117,63.15,3.85,12.5,2899161,0,328,328,12021,12021,8838,8838,44089,44089,59.5,1.19,86.75,11,2791,73,107,8,0,0,0,d__Bacteria;p__Acidobacteriota;c__Acidobacteriae;o__UBA7541;f__UBA7541;g__UBA7541;s__,N/A,N/A,N/A,N/A,N/A,N/A,N/A,N/A,N/A,d__Bacteria,p__Acidobacteriota,c__Acidobacteriae,o__UBA7541,f__UBA7541,g__UBA7541,Acidobacteriae,17.55602753
SJ75_12-contigs,SJO75,k__Bacteria (UID3187),2258,188,117,85.29,4.38,25,4139872,0,510,510,10340,10340,8117,8117,72414,72414,57.5,1.25,85.34,11,4327,37,143,8,0,0,0,d__Bacteria;p__Acidobacteriota;c__Acidobacteriae;o__UBA7541;f__UBA7541;g__;s__,N/A,N/A,N/A,N/A,N/A,N/A,N/A,N/A,N/A,d__Bacteria,p__Acidobacteriota,c__Acidobacteriae,o__UBA7541,f__UBA7541,g__,Acidobacteriae,26.85715131
SJ75_52-contigs,SJO75,k__Bacteria (UID3187),2258,188,117,96.3,2.9,40,4907371,0,87,87,86162,86162,56406,56406,236351,236351,59,0.7,87.79,11,4276,6,177,5,0,0,0,d__Bacteria;p__Acidobacteriota;c__Acidobacteriae;o__Acidobacteriales;f__Koribacteraceae;g__Sulfotelmatobacter;s__,N/A,N/A,N/A,N/A,N/A,GCF_900290255.1,d__Bacteria;p__Acidobacteriota;c__Acidobacteriae;o__Acidobacteriales;f__Koribacteraceae;g__Sulfotelmatobacter;s__Sulfotelmatobacter kueseliae,81.28,0.59,d__Bacteria,p__Acidobacteriota,c__Acidobacteriae,o__Acidobacteriales,f__Koribacteraceae,g__Sulfotelmatobacter,Acidobacteriae,48.23505758
SJ75_54-contigs,SJO75,k__Bacteria (UID3187),2258,187,116,63.91,3.88,0,2946102,0,305,305,14620,14620,9659,9659,62888,62888,62.1,0.93,85.44,11,2778,93,88,5,1,0,0,d__Bacteria;p__Acidobacteriota;c__Acidobacteriae;o__Acidobacteriales;f__Acidobacteriaceae;g__Terracidiphilus;s__,N/A,N/A,N/A,N/A,N/A,N/A,N/A,N/A,N/A,d__Bacteria,p__Acidobacteriota,c__Acidobacteriae,o__Acidobacteriales,f__Acidobacteriaceae,g__Terracidiphilus,Acidobacteriae,10.26650401
SJ75_64-contigs,SJO75,k__Bacteria (UID3187),2258,188,117,54.7,2.14,25,1667940,0,106,106,23891,23891,15735,15735,74282,74282,61.6,1.04,89.8,11,1560,67,117,4,0,0,0,d__Bacteria;p__Acidobacteriota;c__Acidobacteriae;o__UBA7541;f__UBA7541;g__;s__,N/A,N/A,N/A,N/A,N/A,N/A,N/A,N/A,N/A,d__Bacteria,p__Acidobacteriota,c__Acidobacteriae,o__UBA7541,f__UBA7541,g__,Acidobacteriae,15.00796935
SJ75_74-contigs,SJO75,k__Bacteria (UID3187),2258,184,114,86.65,7.95,0,3822379,0,358,358,15539,15539,10677,10677,86304,86304,61.6,1.11,90.18,11,3762,24,145,15,0,0,0,d__Bacteria;p__Acidobacteriota;c__Acidobacteriae;o__Bryobacterales;f__Bryobacteraceae;g__Palsa-187;s__,N/A,N/A,N/A,N/A,N/A,GCA_003170295.1,d__Bacteria;p__Acidobacteriota;c__Acidobacteriae;o__Bryobacterales;f__Bryobacteraceae;g__Palsa-187;s__Palsa-187 sp003170295,76.44,0.1,d__Bacteria,p__Acidobacteriota,c__Acidobacteriae,o__Bryobacterales,f__Bryobacteraceae,g__,Acidobacteriae,9.707410201
SJ75_86-contigs,SJO75,k__Bacteria (UID3187),2258,184,114,62.48,0.88,0,2429873,0,681,681,3692,3692,3568,3568,10618,10618,63.1,1.31,93.66,11,2783,82,101,1,0,0,0,d__Bacteria;p__Acidobacteriota;c__Acidobacteriae;o__Bryobacterales;f__Bryobacteraceae;g__BOG-234;s__,N/A,N/A,N/A,N/A,N/A,GCA_003136575.1,d__Bacteria;p__Acidobacteriota;c__Acidobacteriae;o__Bryobacterales;f__Bryobacteraceae;g__BOG-234;s__BOG-234 sp003136575,76.68,0.13,d__Bacteria,p__Acidobacteriota,c__Acidobacteriae,o__Bryobacterales,f__Bryobacteraceae,g__,Acidobacteriae,6.607789688
bin.005,MAQ,,,,,80.92,1.12,,,,,,,,,,,,,,,,,,,,,,,d__Bacteria,p__Proteobacteria,c__Alphaproteobacteria,o__Rhizobiales,f__Beijerinckiaceae,g__Bog-939,s__,MAQ_0,MAQ_0_bin.039_Proteobacteria,x,,,,,,,Alphaproteobacteria,
bin.049,MAQ,,,,,88.17,9.81,,,,,,,,,,,,,,,,,,,,,,,d__Bacteria,p__Proteobacteria,c__Alphaproteobacteria,o__Rhizobiales,f__Xanthobacteraceae,g__Palsa-892,s__,MAQ_100,MAQ_100_bin.027_Proteobacteria,x,,,,,,,Alphaproteobacteria,
bin.006,MAQ,,,,,59.31,3.59,,,,,,,,,,,,,,,,,,,,,,,d__Bacteria,p__Proteobacteria,c__Alphaproteobacteria,o__Rhizobiales,f__Beijerinckiaceae,g__Bog-939,s__,MAQ_50,MAQ_50_bin.005_Proteobacteria,x,,,,,,,Alphaproteobacteria,
SJ75_22-contigs,SJO75,o__Rhodospirillales (UID3754),63,336,201,95.65,0.75,33.33,4174189,0,510,510,11197,11197,8184,8184,44918,44918,68.3,2.04,90.65,11,4286,17,316,3,0,0,0,d__Bacteria;p__Proteobacteria;c__Alphaproteobacteria;o__Acetobacterales;f__Acetobacteraceae;g__Palsa-883;s__,N/A,N/A,N/A,N/A,N/A,GCA_003151425.1,d__Bacteria;p__Proteobacteria;c__Alphaproteobacteria;o__Acetobacterales;f__Acetobacteraceae;g__Palsa-883;s__Palsa-883 sp003151425,82.16,0.73,d__Bacteria,p__Proteobacteria,c__Alphaproteobacteria,o__Acetobacterales,f__Acetobacteraceae,g__,Alphaproteobacteria,19.90696677
SJ75_63-contigs,SJO75,c__Alphaproteobacteria (UID3422),26,529,308,54.07,7.07,13.89,2616778,0,809,809,3175,3175,3234,3234,12818,12818,70.6,2.3,90.49,11,3154,259,243,24,2,1,0,d__Bacteria;p__Proteobacteria;c__Alphaproteobacteria;o__Caulobacterales;f__Caulobacteraceae;g__Palsa-881;s__,N/A,N/A,N/A,N/A,N/A,N/A,N/A,N/A,N/A,d__Bacteria,p__Proteobacteria,c__Alphaproteobacteria,o__Caulobacterales,f__Caulobacteraceae,g__,Alphaproteobacteria,6.699378561
SJ75_67-contigs,SJO75,o__Rhodospirillales (UID3754),63,336,201,65.82,3.44,11.11,2527263,0,651,651,4083,4083,3882,3882,15636,15636,65.8,2.25,91.28,11,2813,133,194,9,0,0,0,d__Bacteria;p__Proteobacteria;c__Alphaproteobacteria;o__Rhodospirillales_B;f__Magnetospirillaceae;g__;s__,N/A,N/A,N/A,N/A,N/A,GCF_002845745.1,d__Bacteria;p__Proteobacteria;c__Alphaproteobacteria;o__Rhodospirillales_B;f__Magnetospirillaceae;g__Telmatospirillum;s__Telmatospirillum siberiense,77.8,0.34,d__Bacteria,p__Proteobacteria,c__Alphaproteobacteria,o__Rhodospirillales_B,f__Magnetospirillaceae,g__,Alphaproteobacteria,6.621798674
SJ75_80-contigs,SJO75,o__Rhodospirillales (UID3754),63,336,201,88.11,3.99,57.89,2791246,0,461,461,7237,7237,6054,6054,29617,29617,65,1.65,93.3,11,2930,51,268,16,1,0,0,d__Bacteria;p__Proteobacteria;c__Alphaproteobacteria;o__Rhodospirillales_B;f__Magnetospirillaceae;g__;s__,N/A,N/A,N/A,N/A,N/A,GCF_002845745.1,d__Bacteria;p__Proteobacteria;c__Alphaproteobacteria;o__Rhodospirillales_B;f__Magnetospirillaceae;g__Telmatospirillum;s__Telmatospirillum siberiense,78.33,0.36,d__Bacteria,p__Proteobacteria,c__Alphaproteobacteria,o__Rhodospirillales_B,f__Magnetospirillaceae,g__,Alphaproteobacteria,8.617290164
SJ75_83-contigs,SJO75,o__Rhizobiales (UID3654),92,481,319,93.09,6.29,12.5,4388734,0,626,626,9294,9294,7010,7010,41465,41465,64,2,87.07,11,4427,29,424,26,2,0,0,d__Bacteria;p__Proteobacteria;c__Alphaproteobacteria;o__Rhizobiales;f__Beijerinckiaceae;g__;s__,N/A,N/A,N/A,N/A,N/A,N/A,N/A,N/A,N/A,d__Bacteria,p__Proteobacteria,c__Alphaproteobacteria,o__Rhizobiales,f__Beijerinckiaceae,g__,Alphaproteobacteria,9.303432761
bin.042,MAQ,,,,,62.67,5.83,,,,,,,,,,,,,,,,,,,,,,,d__Archaea;,p__Crenarchaeota;,c__Bathyarchaeia;,o__40CM-2-53-6;,f__FEN-987;,g__FEN-987;,s__,MAQ_0,MAQ_0_bin.072_Crenarchaeota;,x,,,,,,,Bathyarchaeia,
bin.044,MAQ,,,,,88.03,1.46,,,,,,,,,,,,,,,,,,,,,,,d__Archaea,p__Crenarchaeota,c__Bathyarchaeia,o__40CM-2-53-6,f__,g__,s__,MAQ_100,MAQ_100_bin.007_Crenarchaeota,x,,,,,,,Bathyarchaeia,
bin.020,MAQ,,,,,59.55,2.62,,,,,,,,,,,,,,,,,,,,,,,d__Archaea,p__Crenarchaeota,c__Bathyarchaeia,o__40CM-2-53-6,f__,g__,s__,MAQ_50,MAQ_50_bin.044_Crenarchaeota,x,,,,,,,Bathyarchaeia,
bin.007,MAQ,,,,,59.63,0.32,,,,,,,,,,,,,,,,,,,,,,,d__Archaea,p__Crenarchaeota,c__Bathyarchaeia,o__40CM-2-53-6,f__FEN-987,g__FEN-987,s__,MAQ_50,MAQ_50_bin.093_Crenarchaeota,x,,,,,,,Bathyarchaeia,
QUI85_23-contigs,QUI85,k__Archaea (UID2),207,149,107,98.13,2.8,25,1955920,0,75,75,85093,85093,26078,26078,140445,140445,43.5,1.34,84.24,11,2229,2,143,4,0,0,0,d__Archaea;p__Crenarchaeota;c__Bathyarchaeia;o__B26-1;f__;g__;s__,N/A,N/A,N/A,N/A,N/A,N/A,N/A,N/A,N/A,d__Archaea,p__Crenarchaeota,c__Bathyarchaeia,o__B26-1,f__,g__,Bathyarchaeia,21.02162046
QUI85_58_2-contigs,QUI85,k__Archaea (UID2),207,149,107,63.55,3.74,60,1196360,0,129,129,13837,13837,9274,9274,67164,67164,51.8,1.23,87.35,11,1435,63,81,5,0,0,0,d__Archaea;p__Crenarchaeota;c__Bathyarchaeia;o__40CM-2-53-6;f__;g__;s__,N/A,N/A,N/A,N/A,N/A,N/A,N/A,N/A,N/A,d__Archaea,p__Crenarchaeota,c__Bathyarchaeia,o__40CM-2-53-6,f__,g__,Bathyarchaeia,31.3432919
QUI85_61-contigs,QUI85,k__Archaea (UID2),207,149,107,53.57,9.19,29.41,665285,0,113,113,6479,6479,5887,5887,19789,19789,46.2,1.21,87.43,11,812,67,67,14,1,0,0,d__Archaea;p__Crenarchaeota;c__Bathyarchaeia;o__B26-1;f__;g__;s__,N/A,N/A,N/A,N/A,N/A,N/A,N/A,N/A,N/A,d__Archaea,p__Crenarchaeota,c__Bathyarchaeia,o__B26-1,f__,g__,Bathyarchaeia,30.45933288
QUI85_69-contigs,QUI85,k__Archaea (UID2),207,149,107,51.29,3.09,10,3275384,0,522,522,7354,7354,6274,6274,46185,46185,51.1,1.42,83.22,11,4023,72,67,10,0,0,0,d__Archaea;p__Crenarchaeota;c__Bathyarchaeia;o__40CM-2-53-6;f__;g__;s__,N/A,N/A,N/A,N/A,N/A,N/A,N/A,N/A,N/A,d__Archaea,p__Crenarchaeota,c__Bathyarchaeia,o__40CM-2-53-6,f__,g__,Bathyarchaeia,27.78277122
SJ75_16-contigs,SJO75,k__Archaea (UID2),207,149,107,60.28,6.85,9.09,888277,0,171,171,5640,5640,5194,5194,15661,15661,48.9,1.42,87.08,11,1077,51,89,8,1,0,0,d__Archaea;p__Crenarchaeota;c__Bathyarchaeia;o__B26-1;f__UBA233;g__20-14-0-80-47-9;s__,N/A,N/A,N/A,N/A,N/A,N/A,N/A,N/A,N/A,d__Archaea,p__Crenarchaeota,c__Bathyarchaeia,o__B26-1,f__UBA233,g__,Bathyarchaeia,26.92645992
SJ75_4-contigs,SJO75,k__Archaea (UID2),207,149,107,62.19,7.32,66.67,1241076,0,214,214,6455,6455,5799,5799,26690,26690,43.8,1.48,83.45,11,1593,51,88,9,1,0,0,d__Archaea;p__Crenarchaeota;c__Bathyarchaeia;o__B26-1;f__UBA233;g__20-14-0-80-47-9;s__,N/A,N/A,N/A,N/A,N/A,N/A,N/A,N/A,N/A,d__Archaea,p__Crenarchaeota,c__Bathyarchaeia,o__B26-1,f__UBA233,g__,Bathyarchaeia,14.77149357
SJ75_44_1-contigs,SJO75,k__Archaea (UID2),207,145,103,54.53,8.74,60,1473076,0,159,159,12403,12403,9264,9264,58685,58685,52.2,1.08,86.92,11,1716,67,68,10,0,0,0,d__Archaea;p__Crenarchaeota;c__Bathyarchaeia;o__40CM-2-53-6;f__;g__;s__,N/A,N/A,N/A,N/A,N/A,N/A,N/A,N/A,N/A,d__Archaea,p__Crenarchaeota,c__Bathyarchaeia,o__40CM-2-53-6,f__,g__,Bathyarchaeia,68.80044303
SJ75_69-contigs,SJO75,k__Archaea (UID2),207,149,107,52.49,3.74,0,1417851,0,337,337,4421,4421,4207,4207,13018,13018,43.7,1.7,81.98,11,1861,77,69,2,1,0,0,d__Archaea;p__Crenarchaeota;c__Bathyarchaeia;o__B26-1;f__UBA233;g__;s__,N/A,N/A,N/A,N/A,N/A,N/A,N/A,N/A,N/A,d__Archaea,p__Crenarchaeota,c__Bathyarchaeia,o__B26-1,f__UBA233,g__,Bathyarchaeia,7.514719382
SJ75_76_1-contigs,SJO75,k__Archaea (UID2),207,145,103,50.97,8.74,10,2503622,0,477,477,5566,5566,5248,5248,23524,23524,48.1,1.31,83.38,11,3046,81,54,10,0,0,0,d__Archaea;p__Crenarchaeota;c__Bathyarchaeia;o__40CM-2-53-6;f__;g__;s__,N/A,N/A,N/A,N/A,N/A,N/A,N/A,N/A,N/A,d__Archaea,p__Crenarchaeota,c__Bathyarchaeia,o__40CM-2-53-6,f__,g__,Bathyarchaeia,7.193773777
SJ75_84_1-contigs,SJO75,k__Archaea (UID2),207,149,107,100,4.17,18.18,2704993,0,62,62,123823,123823,43628,43628,305299,305299,48.1,1.6,82.6,11,2876,0,138,11,0,0,0,d__Archaea;p__Crenarchaeota;c__Bathyarchaeia;o__B26-1;f__UBA233;g__20-14-0-80-47-9;s__,N/A,N/A,N/A,N/A,N/A,N/A,N/A,N/A,N/A,d__Archaea,p__Crenarchaeota,c__Bathyarchaeia,o__B26-1,f__UBA233,g__,Bathyarchaeia,16.71518063
QUI85_102-contigs,QUI85,c__Deltaproteobacteria (UID3216),83,247,155,70.76,2.29,50,1279766,0,161,161,10191,10191,7948,7948,31444,31444,54.2,2.18,90.76,11,1406,57,182,8,0,0,0,d__Bacteria;p__Desulfobacterota;c__BSN033;o__BSN033;f__RBG-16-54-18;g__RBG-13-52-11;s__,N/A,N/A,N/A,N/A,N/A,GCA_001797745.1,d__Bacteria;p__Desulfobacterota;c__BSN033;o__BSN033;f__RBG-16-54-18;g__RBG-13-52-11;s__RBG-13-52-11 sp001797745,82.96,0.74,d__Bacteria,p__Desulfobacterota,c__BSN033,o__BSN033,f__RBG-16-54-18,g__,BSN033,10.76706628
QUI85_107-contigs,QUI85,c__Deltaproteobacteria (UID3216),83,247,155,58.62,8.04,44.44,2953832,0,723,723,4373,4373,4085,4085,16489,16489,46.1,2,86.6,11,3451,82,142,21,2,0,0,d__Bacteria;p__Desulfobacterota;c__BSN033;o__BSN033;f__UBA1163;g__;s__,N/A,N/A,N/A,N/A,N/A,N/A,N/A,N/A,N/A,d__Bacteria,p__Desulfobacterota,c__BSN033,o__BSN033,f__UBA1163,g__,BSN033,20.20840668
QUI85_32-contigs,QUI85,c__Deltaproteobacteria (UID3216),83,247,155,63.59,1.27,85.71,1894730,0,350,350,6223,6223,5413,5413,21466,21466,48.5,1.64,85.95,11,2076,87,153,7,0,0,0,d__Bacteria;p__Desulfobacterota;c__BSN033;o__BSN033;f__UBA1163;g__UBA1163;s__,N/A,N/A,N/A,N/A,N/A,GCA_002311635.1,d__Bacteria;p__Desulfobacterota;c__BSN033;o__BSN033;f__UBA1163;g__UBA1163;s__UBA1163 sp002311635,89.74,0.83,d__Bacteria,p__Desulfobacterota,c__BSN033,o__BSN033,f__UBA1163,g__UBA1163,BSN033,90.43751033
SJ75_28-contigs,SJO75,c__Deltaproteobacteria (UID3216),83,247,155,88.58,6.97,46.15,5516266,0,770,770,8883,8883,7163,7163,31221,31221,53.6,2.58,86.38,11,5647,29,205,13,0,0,0,d__Bacteria;p__Desulfobacterota;c__BSN033;o__SM23-61;f__SM23-61;g__;s__,N/A,N/A,N/A,N/A,N/A,N/A,N/A,N/A,N/A,d__Bacteria,p__Desulfobacterota,c__BSN033,o__,f__,g__,BSN033,9.797222183
SJ75_39-contigs,SJO75,c__Deltaproteobacteria (UID3216),83,247,155,87.61,3,11.11,3228527,0,383,383,10700,10700,8429,8429,38708,38708,52.3,1.95,85.81,11,3313,24,214,9,0,0,0,d__Bacteria;p__Desulfobacterota;c__BSN033;o__SM23-61;f__SM23-61;g__;s__,N/A,N/A,N/A,N/A,N/A,N/A,N/A,N/A,N/A,d__Bacteria,p__Desulfobacterota,c__BSN033,o__,f__,g__,BSN033,23.91477184
QUI85_8-contigs,QUI85,k__Bacteria (UID1452),924,151,101,59.61,6.54,41.18,1177312,0,229,229,5578,5578,5141,5141,17454,17454,52.6,1.89,89.05,11,1379,55,81,14,1,0,0,d__Bacteria;p__Chloroflexota;c__Dehalococcoidia;o__Dehalococcoidales;f__RBG-16-60-22;g__RBG-13-51-18;s__,N/A,N/A,N/A,N/A,N/A,N/A,N/A,N/A,N/A,d__Bacteria,p__Chloroflexota,c__Dehalococcoidia,o__Dehalococcoidales,f__RBG-16-60-22,g__,Other,7.958041874
QUI85_86-contigs,QUI85,k__Bacteria (UID1452),924,151,101,75.18,0.99,100,1596437,0,309,309,5567,5567,5166,5166,22726,22726,52.6,2.02,85.38,11,1831,33,117,1,0,0,0,d__Bacteria;p__Chloroflexota;c__Dehalococcoidia;o__JdFR-54;f__;g__;s__,N/A,N/A,N/A,N/A,N/A,N/A,N/A,N/A,N/A,d__Bacteria,p__Chloroflexota,c__Dehalococcoidia,o__,f__,g__,Other,8.385459453
bin.013,MAQ,,,,,73.94,6.19,,,,,,,,,,,,,,,,,,,,,,,d__Bacteria,p__Proteobacteria,c__Gammaproteobacteria,o__Competibacterales,f__Competibacteraceae,g__,s__,MAQ_50,MAQ_50_bin.006_Proteobacteria,x,,,,,,,Gammaproteobacteria,
bin.039,MAQ,,,,,69.67,2.74,,,,,,,,,,,,,,,,,,,,,,,d__Bacteria,p__Proteobacteria,c__Gammaproteobacteria,o__Burkholderiales,f__Palsa-1005,g__PALSA-1003,s__,MAQ_50,MAQ_50_bin.092_Proteobacteria,x,,,,,,,Gammaproteobacteria,
bin.092,MAQ,,,,,93.17,1.34,,,,,,,,,,,,,,,,,,,,,,,d__Bacteria,p__Proteobacteria,c__Gammaproteobacteria,o__Burkholderiales,f__Palsa-1005,g__PALSA-1003,s__,MAQ_50,MAQ_50_bin.004_Proteobacteria,x,,,,,,,Gammaproteobacteria,
bin.004,MAQ,,,,,92.48,1.3,,,,,,,,,,,,,,,,,,,,,,,d__Bacteria,p__Proteobacteria,c__Gammaproteobacteria,o__Burkholderiales,f__SG8-41,g__PALSA-1004,s__,MAQ_50,MAQ_50_bin.049_Proteobacteria,x,,,,,,,Gammaproteobacteria,
SJ75_60_1-contigs,SJO75,k__Bacteria (UID203),5449,104,58,51.57,8.31,82.35,1721249,0,82,82,33616,33616,20990,20990,90058,90058,70.2,1.65,91.03,11,1546,34,53,17,0,0,0,d__Bacteria;p__Proteobacteria;c__Gammaproteobacteria;o__Burkholderiales;f__Burkholderiaceae;g__GJ-E10;s__,N/A,N/A,N/A,N/A,N/A,N/A,N/A,N/A,N/A,d__Bacteria,p__Proteobacteria,c__Gammaproteobacteria,o__Burkholderiales,f__Burkholderiaceae,g__GJ-E10,Gammaproteobacteria,12.72395797
SJ75_60_4-contigs,SJO75,p__Proteobacteria (UID3887),1487,259,162,57.87,3.7,0,2079540,0,100,100,27254,27254,20795,20795,111320,111320,70,1.52,91.39,11,1848,122,131,6,0,0,0,d__Bacteria;p__Proteobacteria;c__Gammaproteobacteria;o__Burkholderiales;f__Burkholderiaceae;g__GJ-E10;s__,N/A,N/A,N/A,N/A,N/A,N/A,N/A,N/A,N/A,d__Bacteria,p__Proteobacteria,c__Gammaproteobacteria,o__Burkholderiales,f__Burkholderiaceae,g__GJ-E10,Gammaproteobacteria,11.79934542
SJ75_60_5-contigs,SJO75,p__Proteobacteria (UID3887),1487,259,162,66.77,6.33,28.57,2654925,0,170,170,21934,21934,15617,15617,60130,60130,69.1,1.71,90.43,11,2404,103,142,14,0,0,0,d__Bacteria;p__Proteobacteria;c__Gammaproteobacteria;o__Burkholderiales;f__Burkholderiaceae;g__GJ-E10;s__,N/A,N/A,N/A,N/A,N/A,N/A,N/A,N/A,N/A,d__Bacteria,p__Proteobacteria,c__Gammaproteobacteria,o__Burkholderiales,f__Burkholderiaceae,g__GJ-E10,Gammaproteobacteria,10.5871407
QUI85_120-contigs,QUI85,k__Archaea (UID2),207,149,107,81.26,7.39,41.67,3088898,0,575,575,6112,6112,5371,5371,22255,22255,42,2.57,82.07,11,3440,29,108,12,0,0,0,d__Archaea;p__Asgardarchaeota;c__Lokiarchaeia;o__LCB-4;f__;g__;s__,N/A,N/A,N/A,N/A,N/A,N/A,N/A,N/A,N/A,d__Archaea,p__Asgardarchaeota,c__Lokiarchaeia,o__,f__,g__,Lokiarchaeia,18.91400091
QUI85_37-contigs,QUI85,k__Archaea (UID2),207,149,107,94.39,2.8,33.33,2326969,0,186,186,20564,20564,12510,12510,97725,97725,46.4,1.06,84.68,11,2500,7,139,3,0,0,0,d__Archaea;p__Asgardarchaeota;c__Lokiarchaeia;o__;f__;g__;s__,N/A,N/A,N/A,N/A,N/A,N/A,N/A,N/A,N/A,d__Archaea,p__Asgardarchaeota,c__Lokiarchaeia,o__,f__,g__,Lokiarchaeia,41.17866592
SJ75_3-contigs,SJO75,k__Archaea (UID2),207,149,107,97.2,0.93,0,3117825,0,159,159,34183,34183,19608,19608,156908,156908,46.3,0.96,83.45,11,3307,3,145,1,0,0,0,d__Archaea;p__Asgardarchaeota;c__Lokiarchaeia;o__;f__;g__;s__,N/A,N/A,N/A,N/A,N/A,N/A,N/A,N/A,N/A,d__Archaea,p__Asgardarchaeota,c__Lokiarchaeia,o__,f__,g__,Lokiarchaeia,12.32103431
bin.072,MAQ,,,,,97.09,2.91,,,,,,,,,,,,,,,,,,,,,,,d__Archaea;,p__Crenarchaeota;,c__Nitrososphaeria;,o__Nitrososphaerales;,f__Nitrosopumilaceae;,g__Nitrosotalea;,s__,MAQ_0,MAQ_0_bin.009_Crenarchaeota;,x,,,,,,,Nitrososphaeria,
bin.009,MAQ,,,,,56.72,3.88,,,,,,,,,,,,,,,,,,,,,,,d__Archaea;,p__Crenarchaeota;,c__Nitrososphaeria;,o__Nitrososphaerales;,f__UBA183;,g__UBA183;,s__,MAQ_0,MAQ_0_bin.042_Crenarchaeota;,x,,,,,,,Nitrososphaeria,
bin.042,MAQ,,,,,96.6,3.88,,,,,,,,,,,,,,,,,,,,,,,d__Archaea;,p__Crenarchaeota;,c__Nitrososphaeria;,o__Nitrososphaerales;,f__UBA183;,g__UBA183;,s__,MAQ_0,MAQ_0_bin.001_Crenarchaeota;,x,,,,,,,Nitrososphaeria,
bin.001,MAQ,,,,,92.88,0,,,,,,,,,,,,,,,,,,,,,,,d__Archaea;,p__Crenarchaeota;,c__Nitrososphaeria;,o__Nitrososphaerales;,f__UBA183;,g__UBA183;,s__,MAQ_0,MAQ_0_bin.002_Crenarchaeota;,x,,,,,,,Nitrososphaeria,
bin.002,MAQ,,,,,75.49,0,,,,,,,,,,,,,,,,,,,,,,,d__Archaea;,p__Crenarchaeota;,c__Nitrososphaeria;,o__Nitrososphaerales;,f__UBA183;,g__UBA183;,s__,MAQ_0,MAQ_0_bin.077_Crenarchaeota;,x,,,,,,,Nitrososphaeria,
bin.046,MAQ,,,,,95.31,0,,,,,,,,,,,,,,,,,,,,,,,d__Archaea,p__Crenarchaeota,c__Nitrososphaeria,o__Nitrososphaerales,f__UBA183,g__UBA183,s__,MAQ_100,MAQ_100_bin.001_Crenarchaeota,x,,,,,,,Nitrososphaeria,
bin.001,MAQ,,,,,91.42,0,,,,,,,,,,,,,,,,,,,,,,,d__Archaea,p__Crenarchaeota,c__Nitrososphaeria,o__Nitrososphaerales,f__UBA183,g__UBA183,s__,MAQ_100,MAQ_100_bin.061_Crenarchaeota,x,,,,,,,Nitrososphaeria,
bin.093,MAQ,,,,,96.12,2.91,,,,,,,,,,,,,,,,,,,,,,,d__Archaea,p__Crenarchaeota,c__Nitrososphaeria,o__Nitrososphaerales,f__Nitrosopumilaceae,g__Nitrosotalea,s__,MAQ_50,MAQ_50_bin.045_Crenarchaeota,x,,,,,,,Nitrososphaeria,
bin.045,MAQ,,,,,84.8,1.94,,,,,,,,,,,,,,,,,,,,,,,d__Archaea,p__Crenarchaeota,c__Nitrososphaeria,o__Nitrososphaerales,f__UBA183,g__UBA183,s__,MAQ_50,MAQ_50_bin.046_Crenarchaeota,x,,,,,,,Nitrososphaeria,
bin.061,MAQ,,,,,89.11,1.12,,,,,,,,,,,,,,,,,,,,,,,d__Archaea,p__Crenarchaeota,c__Nitrososphaeria,o__Nitrososphaerales,f__UBA183,g__UBA183,s__,MAQ_50,MAQ_50_bin.067_Crenarchaeota,x,,,,,,,Nitrososphaeria,
bin.067,MAQ,,,,,86.89,5.83,,,,,,,,,,,,,,,,,,,,,,,d__Archaea,p__Crenarchaeota,c__Nitrososphaeria,o__Nitrososphaerales,f__UBA183,g__UBA183,s__,MAQ_50,MAQ_50_bin.042_Crenarchaeota,x,,,,,,,Nitrososphaeria,
QUI85_118-contigs,QUI85,k__Archaea (UID2),207,145,103,61.65,5.83,75,844708,0,164,164,5219,5219,5150,5150,73595,73595,57.8,1.43,89.44,11,1054,61,76,8,0,0,0,d__Archaea;p__Crenarchaeota;c__Nitrososphaeria;o__Nitrososphaerales;f__UBA183;g__UBA183;s__,N/A,N/A,N/A,N/A,N/A,N/A,N/A,N/A,N/A,d__Archaea,p__Crenarchaeota,c__Nitrososphaeria,o__Nitrososphaerales,f__,g__,Nitrososphaeria,55.21474234
QUI85_67-contigs,QUI85,k__Archaea (UID2),207,145,103,76.21,7.17,50,1258292,0,235,235,6057,6057,5354,5354,20563,20563,59.9,1.59,87.83,11,1539,29,100,16,0,0,0,d__Archaea;p__Crenarchaeota;c__Nitrososphaeria;o__UBA164;f__;g__;s__,N/A,N/A,N/A,N/A,N/A,N/A,N/A,N/A,N/A,d__Archaea,p__Crenarchaeota,c__Nitrososphaeria,o__,f__,g__,Nitrososphaeria,17.36063133
QUI85_68-contigs,QUI85,k__Archaea (UID2),207,145,103,94.75,9.34,88.89,1724336,0,167,167,15563,15563,10325,10325,71193,71193,58.6,1.97,88.73,11,1985,9,118,18,0,0,0,d__Archaea;p__Crenarchaeota;c__Nitrososphaeria;o__Nitrososphaerales;f__UBA183;g__UBA183;s__,N/A,N/A,N/A,N/A,N/A,GCA_002495205.1,d__Archaea;p__Crenarchaeota;c__Nitrososphaeria;o__Nitrososphaerales;f__UBA183;g__UBA183;s__UBA183 sp002495205,76.46,0.11,d__Archaea,p__Crenarchaeota,c__Nitrososphaeria,o__Nitrososphaerales,f__,g__,Nitrososphaeria,74.87465225
SJ75_15-contigs,SJO75,k__Archaea (UID2),207,145,103,51.38,3.24,0,829047,0,188,188,4763,4763,4409,4409,20378,20378,59.1,1.37,90.36,11,1039,63,74,8,0,0,0,d__Archaea;p__Crenarchaeota;c__Nitrososphaeria;o__Nitrososphaerales;f__;g__;s__,N/A,N/A,N/A,N/A,N/A,N/A,N/A,N/A,N/A,d__Archaea,p__Crenarchaeota,c__Nitrososphaeria,o__Nitrososphaerales,f__,g__,Nitrososphaeria,6.430022708
SJ75_19-contigs,SJO75,k__Archaea (UID2),207,145,103,66.67,3.88,25,950379,0,31,31,40279,40279,30657,30657,81857,81857,57.3,0.81,89.42,11,1014,44,97,4,0,0,0,d__Archaea;p__Crenarchaeota;c__Nitrososphaeria;o__Nitrososphaerales;f__UBA183;g__UBA183;s__,N/A,N/A,N/A,N/A,N/A,N/A,N/A,N/A,N/A,d__Archaea,p__Crenarchaeota,c__Nitrososphaeria,o__Nitrososphaerales,f__,g__,Nitrososphaeria,16.37231141
SJ75_7-contigs,SJO75,k__Archaea (UID2),207,145,103,97.25,3.88,0,2095117,0,47,47,75720,75720,44576,44576,165661,165661,56.3,1.54,86.71,11,2282,4,137,4,0,0,0,d__Archaea;p__Crenarchaeota;c__Nitrososphaeria;o__Nitrososphaerales;f__UBA183;g__UBA183;s__,N/A,N/A,N/A,N/A,N/A,N/A,N/A,N/A,N/A,d__Archaea,p__Crenarchaeota,c__Nitrososphaeria,o__Nitrososphaerales,f__,g__,Nitrososphaeria,53.86873041
bin.047,MAQ,,,,,95.8,7.69,,,,,,,,,,,,,,,,,,,,,,,d__Bacteria,p__Binatota,c__Binatia,o__HRBIN30,f__,g__,s__,MAQ_0,MAQ_0_bin.054_Binatota,x,,,,,,,Other,
bin.039,MAQ,,,,,65.89,0,,,,,,,,,,,,,,,,,,,,,,,d__Bacteria,p__Desulfobacterota,c__Desulfobaccia,o__Desulfobaccales,f__0-14-0-80-60-11,g__0-14-0-80-60-11,s__,MAQ_0,MAQ_0_bin.052_Desulfobacterota,x,,,,,,,Other,
bin.096,MAQ,,,,,70.97,5.64,,,,,,,,,,,,,,,,,,,,,,,d__Bacteria,p__Chloroflexota_A,c__Ellin6529,o__CSP1-4,f__CSP1-4,g__CSP1-4,s__,MAQ_0,MAQ_0_bin.020_Chloroflexota_A,x,,,,,,,Other,
bin.052,MAQ,,,,,55.61,0.32,,,,,,,,,,,,,,,,,,,,,,,d__Bacteria,p__Gemmatimonadota,c__Gemmatimonadetes,o__Gemmatimonadales,f__GWC2-71-9,g__Fen-1245,s__,MAQ_0,MAQ_0_bin.017_Gemmatimonadota,x,,,,,,,Other,
bin.016,MAQ,,,,,81.29,5.45,,,,,,,,,,,,,,,,,,,,,,,d__Bacteria,p__Nitrospirota,c__Nitrospiria,o__Nitrospirales,f__,g__,s__,MAQ_0,MAQ_0_bin.063_Nitrospirota,x,,,,,,,Other,
bin.063,MAQ,,,,,75.09,5.94,,,,,,,,,,,,,,,,,,,,,,,d__Bacteria,p__Nitrospirota,c__Thermodesulfovibrionia,o__Thermodesulfovibrionales,f__UBA9159,g__,s__,MAQ_0,MAQ_0_bin.013_Nitrospirota,x,,,,,,,Other,
bin.065,MAQ,,,,,95.85,2.73,,,,,,,,,,,,,,,,,,,,,,,d__Bacteria,p__Nitrospirota,c__UBA9217,o__UBA9217,f__UBA9217,g__,s__,MAQ_0,MAQ_0_bin.016_Nitrospirota,x,,,,,,,Other,
bin.007,MAQ,,,,,88.81,3.11,,,,,,,,,,,,,,,,,,,,,,,d__Bacteria,p__Verrucomicrobiota,c__Verrucomicrobiae,o__Palsa-1439,f__Palsa-1439,g__,s__,MAQ_0,MAQ_0_bin.006_Verrucomicrobiota,x,,,,,,,Other,
bin.022,MAQ,,,,,68.55,4.27,,,,,,,,,,,,,,,,,,,,,,,d__Bacteria,p__Actinobacteriota,c__Actinobacteria,o__Frankiales,f__Frankiaceae,g__,s__,MAQ_100,MAQ_100_bin.029_Actinobacteriota,x,,,,,,,Other,
bin.029,MAQ,,,,,93.43,4.13,,,,,,,,,,,,,,,,,,,,,,,d__Bacteria,p__Actinobacteriota,c__Actinobacteria,o__Streptosporangiales,f__Streptosporangiaceae,g__Palsa-506,s__,MAQ_100,MAQ_100_bin.017_Actinobacteriota,x,,,,,,,Other,
bin.008,MAQ,,,,,78.88,2.56,,,,,,,,,,,,,,,,,,,,,,,d__Bacteria,p__Acidobacteriota,c__Aminicenantia,o__Aminicenantales,f__RBG-16-66-30,g__,s__,MAQ_100,MAQ_100_bin.006_Acidobacteriota,x,,,,,,,Other,
bin.017,MAQ,,,,,66.13,2.95,,,,,,,,,,,,,,,,,,,,,,,d__Bacteria,p__Methylomirabilota,c__Methylomirabilia,o__Methylomirabilales,f__2-02-FULL-66-22,g__2-02-FULL-66-22,s__,MAQ_100,MAQ_100_bin.031_Methylomirabilota,x,,,,,,,Other,
bin.016,MAQ,,,,,66.66,5.51,,,,,,,,,,,,,,,,,,,,,,,d__Bacteria,p__Myxococcota,c__Myxococcia,o__Myxococcales,f__Myxococcaceae,g__,s__,MAQ_100,MAQ_100_bin.019_Myxococcota,x,,,,,,,Other,
bin.077,MAQ,,,,,59.05,1.46,,,,,,,,,,,,,,,,,,,,,,,d__Bacteria,p__Desulfobacterota,c__Syntrophia,o__Syntrophales,f__UBA2185,g__,s__,MAQ_100,MAQ_100_bin.033_Desulfobacterota,x,,,,,,,Other,
bin.019,MAQ,,,,,95.99,3.89,,,,,,,,,,,,,,,,,,,,,,,d__Bacteria,p__Myxococcota,c__UBA9160,o__SZUA-336,f__,g__,s__,MAQ_100,MAQ_100_bin.003_Myxococcota,x,,,,,,,Other,
bin.006,MAQ,,,,,72.05,4.13,,,,,,,,,,,,,,,,,,,,,,,d__Bacteria,p__Acidobacteriota,c__Vicinamibacteria,o__Vicinamibacterales,f__UBA2999,g__Gp6-AA56,s__,MAQ_100,MAQ_100_bin.056_Acidobacteriota,x,,,,,,,Other,
bin.054,MAQ,,,,,79.18,7.82,,,,,,,,,,,,,,,,,,,,,,,d__Bacteria,p__Chloroflexota,c__Anaerolineae,o__Anaerolineales,f__Anaerolineaceae,g__,s__,MAQ_50,MAQ_50_bin.096_Chloroflexota,x,,,,,,,Other,
bin.017,MAQ,,,,,94.84,4.99,,,,,,,,,,,,,,,,,,,,,,,d__Bacteria,p__Bacteroidota,c__Bacteroidia,o__Chitinophagales,f__Chitinophagaceae,g__UBA8621,s__,MAQ_50,MAQ_50_bin.084_Bacteroidota,x,,,,,,,Other,
bin.084,MAQ,,,,,69.24,1.03,,,,,,,,,,,,,,,,,,,,,,,d__Bacteria,p__Binatota,c__Binatia,o__HRBIN30,f__,g__,s__,MAQ_50,MAQ_50_bin.047_Binatota,x,,,,,,,Other,
bin.033,MAQ,,,,,52.26,5.45,,,,,,,,,,,,,,,,,,,,,,,d__Bacteria,p__Desulfobacterota,c__Desulfobaccia,o__Desulfobaccales,f__0-14-0-80-60-11,g__0-14-0-80-60-11,s__,MAQ_50,MAQ_50_bin.039_Desulfobacterota,x,,,,,,,Other,
bin.031,MAQ,,,,,76.29,4.87,,,,,,,,,,,,,,,,,,,,,,,d__Bacteria,p__Methylomirabilota,c__Methylomirabilia,o__Rokubacteriales,f__GWA2-73-35,g__AR37,s__,MAQ_50,MAQ_50_bin.016_Methylomirabilota,x,,,,,,,Other,
bin.003,MAQ,,,,,60.15,4.67,,,,,,,,,,,,,,,,,,,,,,,d__Bacteria,p__Myxococcota,c__Myxococcia,o__Myxococcales,f__Myxococcaceae,g__,s__,MAQ_50,MAQ_50_bin.076_Myxococcota,x,,,,,,,Other,
bin.076,MAQ,,,,,55.37,1.45,,,,,,,,,,,,,,,,,,,,,,,d__Bacteria,p__Nitrospirota,c__Nitrospiria,o__Nitrospirales,f__Nitrospiraceae,g__,s__,MAQ_50,MAQ_50_bin.065_Nitrospirota,x,,,,,,,Other,
bin.056,MAQ,,,,,75.72,4.27,,,,,,,,,,,,,,,,,,,,,,,d__Bacteria,p__Acidobacteriota,c__Thermoanaerobaculia,o__Thermoanaerobaculales,f__Thermoanaerobaculaceae,g__RBG-13-68-16,s__,MAQ_50,MAQ_50_bin.022_Acidobacteriota,x,,,,,,,Other,
bin.040,MAQ,,,,,54.5,1.6,,,,,,,,,,,,,,,,,,,,,,,d__Bacteria,p__Verrucomicrobiota,c__Verrucomicrobiae,o__Palsa-1439,f__Palsa-1439,g__,s__,MAQ_50,MAQ_50_bin.007_Verrucomicrobiota,x,,,,,,,Other,
QUI85_14-contigs,QUI85,k__Bacteria (UID2495),2993,143,89,83.08,0.2,100,2114943,0,230,230,12534,12534,9195,9195,74057,74057,57.9,1.46,92.33,11,2079,18,123,2,0,0,0,d__Bacteria;p__Elusimicrobiota;c__Elusimicrobia;o__2-01-FULL-59-12;f__2-01-FULL-59-12;g__;s__,N/A,N/A,N/A,N/A,N/A,N/A,N/A,N/A,N/A,d__Bacteria,p__Elusimicrobiota,c__Elusimicrobia,o__,f__,g__,Other,12.13162267
QUI85_5-contigs,QUI85,k__Bacteria (UID2495),2993,147,91,59.23,1.26,33.33,1737176,0,395,395,4695,4695,4397,4397,15890,15890,56.4,2.07,90.23,11,1761,51,93,3,0,0,0,d__Bacteria;p__Fibrobacterota;c__Chitinivibrionia;o__Chitinivibrionales;f__FEN-1185;g__FEN-1185;s__,N/A,N/A,N/A,N/A,N/A,GCA_003165595.1,d__Bacteria;p__Fibrobacterota;c__Chitinivibrionia;o__Chitinivibrionales;f__FEN-1185;g__FEN-1185;s__FEN-1185 sp003165595,78.55,0.47,d__Bacteria,p__Fibrobacterota,c__Chitinivibrionia,o__Chitinivibrionales,f__,g__,Other,7.631859009
QUI85_105_2-contigs,QUI85,k__Bacteria (UID2495),2993,143,89,51.52,1.42,40,1357767,0,369,369,3796,3796,3679,3679,12773,12773,40.1,2.69,91.91,11,1585,66,72,5,0,0,0,d__Bacteria;p__Spirochaetota;c__Brevinematia;o__Brevinematales;f__GWF1-51-8;g__;s__,N/A,N/A,N/A,N/A,N/A,N/A,N/A,N/A,N/A,d__Bacteria,p__Spirochaetota,c__Brevinematia,o__Brevinematales,f__,g__,Other,10.30728633
QUI85_81-contigs,QUI85,k__Bacteria (UID2565),2921,143,88,68.84,1.05,16.67,2946471,0,695,695,4363,4363,4239,4239,39553,39553,65.2,2.28,88.19,11,3051,40,97,6,0,0,0,d__Bacteria;p__Planctomycetota;c__;o__;f__;g__;s__,N/A,N/A,N/A,N/A,N/A,N/A,N/A,N/A,N/A,d__Bacteria,p__Planctomycetota,c__,o__,f__,g__,Other,40.75447139
QUI85_9-contigs,QUI85,k__Bacteria (UID2495),2993,143,89,95.44,3.37,0,1590101,0,67,67,31902,31902,23732,23732,120393,120393,41.6,1.38,84.8,11,1790,5,135,3,0,0,0,d__Bacteria;p__;c__;o__;f__;g__;s__,N/A,N/A,N/A,N/A,N/A,N/A,N/A,N/A,N/A,d__Bacteria,p_Unclassified,c__,o__,f__,g__,Other,82.44247114
QUI85_36-contigs,QUI85,k__Bacteria (UID3187),2258,188,117,84.05,3.47,0,2207413,0,364,364,7573,7573,6064,6064,39132,39132,64.3,1.93,92.34,11,2175,23,160,5,0,0,0,d__Bacteria;p__Acidobacteriota;c__Aminicenantia;o__Aminicenantales;f__RBG-16-66-30;g__;s__,N/A,N/A,N/A,N/A,N/A,N/A,N/A,N/A,N/A,d__Bacteria,p__Acidobacteriota,c__Aminicenantia,o__Aminicenantales,f__,g__,Other,84.43822872
SJ75_9-contigs,SJO75,k__Bacteria (UID2982),88,230,148,94.26,2.7,0,3753427,0,266,266,20121,20121,14110,14110,59224,59224,56.6,1.75,88.28,11,3561,9,218,2,1,0,0,d__Bacteria;p__Verrucomicrobiota;c__Verrucomicrobiae;o__Pedosphaerales;f__Pedosphaeraceae;g__UBA11358;s__,N/A,N/A,N/A,N/A,N/A,N/A,N/A,N/A,N/A,d__Bacteria,p__Verrucomicrobiota,c__Verrucomicrobiae,o__Pedosphaerales,f__Pedosphaeraceae,g__UBA11358,Other,17.97529902
SJ75_31-contigs,SJO75,k__Bacteria (UID3187),2258,181,110,97.67,3.62,0,3059877,0,99,99,42921,42921,30907,30907,104291,104291,47.2,1.41,88.86,11,2998,4,167,10,0,0,0,d__Bacteria;p__Nitrospirota;c__Thermodesulfovibrionia;o__Thermodesulfovibrionales;f__UBA9935;g__GCA-2634385;s__,N/A,N/A,N/A,N/A,N/A,N/A,N/A,N/A,N/A,d__Bacteria,p__Nitrospirota,c__Thermodesulfovibrionia,o__Thermodesulfovibrionales,f__UBA9935,g__,Other,13.3296008
SJ75_10-contigs,SJO75,c__Deltaproteobacteria (UID3216),83,247,155,88.49,2.82,50,4102685,0,616,616,7583,7583,6660,6660,26445,26445,53.4,1.63,85.42,11,4300,36,205,6,0,0,0,d__Bacteria;p__Desulfobacterota;c__Syntrophobacteria;o__Syntrophobacterales;f__Syntrophobacteraceae;g__SbD1;s__,N/A,N/A,N/A,N/A,N/A,GCA_003165235.1,d__Bacteria;p__Desulfobacterota;c__Syntrophobacteria;o__Syntrophobacterales;f__Syntrophobacteraceae;g__SbD1;s__SbD1 sp003165235,89.39,0.7,d__Bacteria,p__Desulfobacterota,c__Syntrophobacteria,o__Syntrophobacterales,f__Syntrophobacteraceae,g__SbD1,Other,8.523200495
SJ75_14-contigs,SJO75,k__Bacteria (UID2565),2921,152,93,51.61,0,0,2133272,0,541,541,4172,4172,3943,3943,14138,14138,61.5,1.33,90.84,11,2290,90,62,0,0,0,0,d__Bacteria;p__Planctomycetota;c__Phycisphaerae;o__UBA1161;f__UBA1161;g__PALSA-1353;s__,N/A,N/A,N/A,N/A,N/A,GCA_003153655.1,d__Bacteria;p__Planctomycetota;c__Phycisphaerae;o__UBA1161;f__UBA1161;g__PALSA-1353;s__PALSA-1353 sp003153655,76.68,0.19,d__Bacteria,p__Planctomycetota,c__Phycisphaerae,o__UBA1161,f__UBA1161,g__,Other,6.579469476
SJ75_37-contigs,SJO75,k__Bacteria (UID3187),2258,188,117,90.24,2.85,50,3784785,0,554,554,8589,8589,6831,6831,51990,51990,65.3,2.02,85.05,11,3988,16,168,4,0,0,0,d__Bacteria;p__Methylomirabilota;c__Methylomirabilia;o__Methylomirabilales;f__2-02-FULL-66-22;g__2-02-FULL-66-22;s__,N/A,N/A,N/A,N/A,N/A,GCA_001771285.1,d__Bacteria;p__Methylomirabilota;c__Methylomirabilia;o__Methylomirabilales;f__2-02-FULL-66-22;g__2-02-FULL-66-22;s__2-02-FULL-66-22 sp001771285,81.4,0.46,d__Bacteria,p__Methylomirabilota,c__Methylomirabilia,o__Methylomirabilales,f__,g__,Other,27.25015787
SJ75_13-contigs,SJO75,k__Bacteria (UID203),5449,103,57,55.26,5.26,66.67,2307857,0,475,475,5062,5062,4858,4858,18071,18071,47.4,1.43,84.31,11,2437,68,32,3,0,0,0,d__Bacteria;p__Chloroflexota;c__Ktedonobacteria;o__Ktedonobacterales;f__Ktedonobacteraceae;g__;s__,N/A,N/A,N/A,N/A,N/A,N/A,N/A,N/A,N/A,d__Bacteria,p__Chloroflexota,c__Ktedonobacteria,o__Ktedonobacterales,f__Ktedonobacteraceae,g__,Other,8.380058688
SJ75_79-contigs,SJO75,k__Bacteria (UID2565),2921,143,88,95.45,2.79,0,4287863,0,45,45,148847,148847,95285,95285,435940,435940,64,1.66,89.11,11,3578,4,132,6,1,0,0,d__Bacteria;p__Planctomycetota;c__Brocadiae;o__;f__;g__;s__,N/A,N/A,N/A,N/A,N/A,N/A,N/A,N/A,N/A,d__Bacteria,p__Planctomycetota,c__Brocadiae,o__,f__,g__,Other,106.4961462
SJ75_88-contigs,SJO75,p__Euryarchaeota (UID49),95,228,153,93.3,6.86,76.19,1529364,0,163,163,11194,11194,9382,9382,71069,71069,51.1,2.08,82.62,11,1707,14,195,18,1,0,0,d__Archaea;p__Halobacterota;c__Bog-38;o__Bog-38;f__Bog-38;g__Bog-38;s__,N/A,N/A,N/A,N/A,N/A,N/A,N/A,N/A,N/A,d__Archaea,p__Halobacterota,c__Bog-38,o__Bog-38,f__Bog-38,g__Bog-38,Other,14.13487801
bin.062,MAQ,,,,,76.27,1.6,,,,,,,,,,,,,,,,,,,,,,,d__Archaea;,p__Thermoplasmatota;,c__Thermoplasmata;,o__UBA184;,f__UBA184;,g__;,s__,MAQ_0,MAQ_0_bin.045_Thermoplasmatota,x,,,,,,,Thermoplasmata,
bin.045,MAQ,,,,,95.04,3.33,,,,,,,,,,,,,,,,,,,,,,,d__Archaea;,p__Thermoplasmatota;,c__Thermoplasmata;,o__UBA184;,f__UBA184;,g__UBA184;,s__,MAQ_0,MAQ_0_bin.040_Thermoplasmatota,x,,,,,,,Thermoplasmata,
bin.003,MAQ,,,,,94.67,1.6,,,,,,,,,,,,,,,,,,,,,,,d__Archaea,p__Thermoplasmatota,c__Thermoplasmata,o__UBA184,f__UBA184,g__UBA184,s__,MAQ_100,MAQ_100_bin.062_Thermoplasmatota,x,,,,,,,Thermoplasmata,
bin.027,MAQ,,,,,84.91,2.16,,,,,,,,,,,,,,,,,,,,,,,d__Archaea,p__Thermoplasmatota,c__Thermoplasmata,o__UBA184,f__UBA184,g__,s__,MAQ_50,MAQ_50_bin.073_Thermoplasmatota,x,,,,,,,Thermoplasmata,
bin.073,MAQ,,,,,62.8,4,,,,,,,,,,,,,,,,,,,,,,,d__Archaea,p__Thermoplasmatota,c__Thermoplasmata,o__UBA184,f__UBA184,g__,s__,MAQ_50,MAQ_50_bin.071_Thermoplasmatota,x,,,,,,,Thermoplasmata,
bin.071,MAQ,,,,,59.58,0.47,,,,,,,,,,,,,,,,,,,,,,,d__Archaea,p__Thermoplasmatota,c__Thermoplasmata,o__UBA184,f__UBA184,g__UBA184,s__,MAQ_50,MAQ_50_bin.003_Thermoplasmatota,x,,,,,,,Thermoplasmata,
QUI85_46-contigs,QUI85,p__Euryarchaeota (UID3),148,188,125,98.4,2,33.33,2183520,0,231,231,13861,13861,9452,9452,56600,56600,62.9,1.78,84.78,11,2502,3,182,3,0,0,0,d__Archaea;p__Thermoplasmatota;c__Thermoplasmata;o__RBG-16-68-12;f__RBG-16-68-12;g__RBG-16-68-12;s__,N/A,N/A,N/A,N/A,N/A,UBA8695,d__Archaea;p__Thermoplasmatota;c__Thermoplasmata;o__RBG-16-68-12;f__RBG-16-68-12;g__RBG-16-68-12;s__RBG-16-68-12 sp8695u,78.71,0.39,d__Archaea,p__Thermoplasmatota,c__Thermoplasmata,o__RBG-16-68-12,f__RBG-16-68-12,g__RBG-16-68-12,Thermoplasmata,11.15255797
QUI85_96-contigs,QUI85,p__Euryarchaeota (UID3),148,188,125,75.81,4,60,1447395,0,251,251,7249,7249,5766,5766,21438,21438,67.1,2.23,90.44,11,1586,38,145,5,0,0,0,d__Archaea;p__Thermoplasmatota;c__Thermoplasmata;o__UBA184;f__UBA184;g__UBA184;s__,N/A,N/A,N/A,N/A,N/A,GCA_002503985.1,d__Archaea;p__Thermoplasmatota;c__Thermoplasmata;o__UBA184;f__UBA184;g__UBA184;s__UBA184 sp002503985,81.57,0.64,d__Archaea,p__Thermoplasmatota,c__Thermoplasmata,o__UBA184,f__UBA184,g__UBA184,Thermoplasmata,51.89659048
SJ75_24-contigs,SJO75,p__Euryarchaeota (UID3),148,187,124,95.97,3.36,20,1605652,0,198,198,10245,10245,8109,8109,50403,50403,34.1,2.04,88.98,11,1667,9,173,5,0,0,0,d__Archaea;p__Thermoplasmatota;c__Thermoplasmata;o__ARK-15;f__ARK-15;g__;s__,N/A,N/A,N/A,N/A,N/A,N/A,N/A,N/A,N/A,d__Archaea,p__Thermoplasmatota,c__Thermoplasmata,o__,f__,g__,Thermoplasmata,8.586940196
SJ75_82-contigs,SJO75,p__Euryarchaeota (UID3),148,188,125,58.76,0,0,1167270,0,9,9,170947,170947,129696,129696,272135,272135,66.5,1.4,89.75,11,1180,68,120,0,0,0,0,d__Archaea;p__Thermoplasmatota;c__Thermoplasmata;o__UBA184;f__UBA184;g__UBA184;s__,N/A,N/A,N/A,N/A,N/A,N/A,N/A,N/A,N/A,d__Archaea,p__Thermoplasmatota,c__Thermoplasmata,o__,f__,g__,Thermoplasmata,43.37173525
QUI85_100-contigs,QUI85,k__Bacteria (UID3187),2258,188,117,77.63,7.76,30,3660570,0,670,670,6198,6198,5463,5463,35184,35184,57.7,2.05,88.96,11,3672,49,129,10,0,0,0,d__Bacteria;p__Acidobacteriota;c__UBA6911;o__UBA6911;f__UBA6911;g__UBA6911;s__,N/A,N/A,N/A,N/A,N/A,GCA_002451015.1,d__Bacteria;p__Acidobacteriota;c__UBA6911;o__UBA6911;f__UBA6911;g__UBA6911;s__UBA6911 sp002451015,76.04,0.06,d__Bacteria,p__Acidobacteriota,c__UBA6911,o__UBA6911,f__UBA6911,g__,Other,12.06403125
QUI85_116-contigs,QUI85,k__Bacteria (UID3187),2258,188,117,94.58,5.61,22.22,5303456,0,593,593,12408,12408,8943,8943,52247,52247,54.1,1.43,86.25,11,5046,12,167,9,0,0,0,d__Bacteria;p__Acidobacteriota;c__UBA6911;o__UBA6911;f__UBA6911;g__UBA6911;s__,N/A,N/A,N/A,N/A,N/A,GCA_002451015.1,d__Bacteria;p__Acidobacteriota;c__UBA6911;o__UBA6911;f__UBA6911;g__UBA6911;s__UBA6911 sp002451015,76.36,0.05,d__Bacteria,p__Acidobacteriota,c__UBA6911,o__UBA6911,f__UBA6911,g__,Other,16.66007325